       1001 | Jacklin    | Courtese      | jcourtese0@usa.gov            | Female   | China
       1005 | Dunstan    | Clayborn      | dclayborn4@wufoo.com          | Male     | France
       1007 | Elena      | Sandcroft     | esandcroft6@instagram.com     | Agender  | China
       1009 | Sondra     | Linn          | slinn8@cisco.com              | Female   | Dominican Republic
       1010 | Victoria   | Galton        | vgalton9@myspace.com          | Female   | Indonesia
       1011 | Pedro      | Mangam        | pmangama@1688.com             | Male     | Kazakhstan
       1013 | Vladamir   | Wordesworth   | vwordesworthc@alibaba.com     | Male     | China
       1014 | Corrie     | Nevet         | cnevetd@amazon.de             | Female   | France
       1015 | Myrta      | Papes         | mpapese@oaic.gov.au           | Female   | Sweden
       1017 | Drake      | Rappaport     | drappaportg@odnoklassniki.ru  | Male     | Comoros
       1020 | Evyn       | Minghetti     | eminghettij@timesonline.co.uk | Male     | Mexico
       1021 | Ansley     | Michel        | amichelk@cnet.com             | Female   | Philippines
       1026 | Ilyse      | Allaway       | iallawayp@usnews.com          | Agender  | Argentina
       1029 | Tod        | Learoyde      | tlearoydes@google.pl          | Male     | Cuba
       1030 | Chandler   | Parlott       | cparlottt@opensource.org      | Male     | Russia
       1032 | Poppy      | Wanka         | pwankav@technorati.com        | Female   | Bosnia and Herzegovina
       1034 | Laurianne  | Placido       | lplacidox@xing.com            | Bigender | Portugal
       1036 | Antonino   | Lebarree      | alebarreez@cnn.com            | Male     | Ukraine
       1037 | Irena      | Gallone       | igallone10@instagram.com      | Female   | Indonesia
       1044 | Niki       | Embleton      | nembleton17@forbes.com        | Female   | Poland
       1047 | Tobin      | Franzelini    | tfranzelini1a@irs.gov         | Male     | Norway
       1048 | Lulu       | Licciardiello | llicciardiello1b@sfgate.com   | Female   | China
       1050 | Farly      | Dickey        | fdickey1d@google.nl           | Male     | Philippines
       1051 | Cheston    | Bilsford      | cbilsford1e@blogs.com         | Male     | Indonesia
       1052 | Brenden    | Tire          | btire1f@gnu.org               | Male     | Brazil
       1054 | Isaac      | Lutton        | ilutton1h@icio.us             | Male     | Poland
       1055 | Cody       | Aymer         | caymer1i@youtu.be             | Female   | Indonesia
       1056 | Claudelle  | Devenish      | cdevenish1j@economist.com     | Female   | France
       1058 | Sherri     | Dimbleby      | sdimbleby1l@globo.com         | Female   | Indonesia
       1062 | Jarrett    | Cregg         | jcregg1p@delicious.com        | Male     | United States
       1063 | Jenine     | Krook         | jkrook1q@tripadvisor.com      | Female   | China